,"Situation [doctor, day, scenario]",Solution Present (1) - Not Present (0)
0,"x[G0,Mon,M1i]",0.0
1,"x[G0,Mon,M2i]",0.0
2,"x[G0,Mon,M3i]",0.0
3,"x[G0,Mon,E1i]",0.0
4,"x[G0,Mon,E2i]",0.0
5,"x[G0,Mon,E3i]",0.0
6,"x[G0,Mon,M1n]",0.0
7,"x[G0,Mon,M2n]",0.0
8,"x[G0,Mon,M3n]",0.0
9,"x[G0,Mon,E1n]",0.0
10,"x[G0,Mon,E2n]",0.0
11,"x[G0,Mon,E3n]",0.0
12,"x[G0,Tue,M1i]",0.0
13,"x[G0,Tue,M2i]",0.0
14,"x[G0,Tue,M3i]",0.0
15,"x[G0,Tue,E1i]",0.0
16,"x[G0,Tue,E2i]",0.0
17,"x[G0,Tue,E3i]",0.0
18,"x[G0,Tue,M1n]",0.0
19,"x[G0,Tue,M2n]",0.0
20,"x[G0,Tue,M3n]",0.0
21,"x[G0,Tue,E1n]",0.0
22,"x[G0,Tue,E2n]",1.0
23,"x[G0,Tue,E3n]",0.0
24,"x[G0,Wed,M1i]",0.0
25,"x[G0,Wed,M2i]",0.0
26,"x[G0,Wed,M3i]",0.0
27,"x[G0,Wed,E1i]",0.0
28,"x[G0,Wed,E2i]",0.0
29,"x[G0,Wed,E3i]",0.0
30,"x[G0,Wed,M1n]",0.0
31,"x[G0,Wed,M2n]",0.0
32,"x[G0,Wed,M3n]",1.0
33,"x[G0,Wed,E1n]",0.0
34,"x[G0,Wed,E2n]",0.0
35,"x[G0,Wed,E3n]",0.0
36,"x[G0,Thu,M1i]",0.0
37,"x[G0,Thu,M2i]",0.0
38,"x[G0,Thu,M3i]",0.0
39,"x[G0,Thu,E1i]",1.0
40,"x[G0,Thu,E2i]",0.0
41,"x[G0,Thu,E3i]",0.0
42,"x[G0,Thu,M1n]",0.0
43,"x[G0,Thu,M2n]",0.0
44,"x[G0,Thu,M3n]",0.0
45,"x[G0,Thu,E1n]",0.0
46,"x[G0,Thu,E2n]",0.0
47,"x[G0,Thu,E3n]",0.0
48,"x[G0,Fri,M1i]",0.0
49,"x[G0,Fri,M2i]",0.0
50,"x[G0,Fri,M3i]",0.0
51,"x[G0,Fri,E1i]",0.0
52,"x[G0,Fri,E2i]",0.0
53,"x[G0,Fri,E3i]",0.0
54,"x[G0,Fri,M1n]",0.0
55,"x[G0,Fri,M2n]",0.0
56,"x[G0,Fri,M3n]",0.0
57,"x[G0,Fri,E1n]",0.0
58,"x[G0,Fri,E2n]",0.0
59,"x[G0,Fri,E3n]",0.0
60,"x[G0,Sat,M1i]",0.0
61,"x[G0,Sat,M2i]",1.0
62,"x[G0,Sat,M3i]",0.0
63,"x[G0,Sat,E1i]",0.0
64,"x[G0,Sat,E2i]",0.0
65,"x[G0,Sat,E3i]",0.0
66,"x[G0,Sat,M1n]",0.0
67,"x[G0,Sat,M2n]",0.0
68,"x[G0,Sat,M3n]",0.0
69,"x[G0,Sat,E1n]",0.0
70,"x[G0,Sat,E2n]",0.0
71,"x[G0,Sat,E3n]",0.0
72,"x[G0,Sun,M1i]",0.0
73,"x[G0,Sun,M2i]",0.0
74,"x[G0,Sun,M3i]",0.0
75,"x[G0,Sun,E1i]",0.0
76,"x[G0,Sun,E2i]",0.0
77,"x[G0,Sun,E3i]",0.0
78,"x[G0,Sun,M1n]",0.0
79,"x[G0,Sun,M2n]",0.0
80,"x[G0,Sun,M3n]",0.0
81,"x[G0,Sun,E1n]",0.0
82,"x[G0,Sun,E2n]",0.0
83,"x[G0,Sun,E3n]",0.0
84,"x[G1,Mon,M1i]",0.0
85,"x[G1,Mon,M2i]",0.0
86,"x[G1,Mon,M3i]",0.0
87,"x[G1,Mon,E1i]",1.0
88,"x[G1,Mon,E2i]",0.0
89,"x[G1,Mon,E3i]",0.0
90,"x[G1,Mon,M1n]",0.0
91,"x[G1,Mon,M2n]",0.0
92,"x[G1,Mon,M3n]",0.0
93,"x[G1,Mon,E1n]",0.0
94,"x[G1,Mon,E2n]",0.0
95,"x[G1,Mon,E3n]",0.0
96,"x[G1,Tue,M1i]",0.0
97,"x[G1,Tue,M2i]",0.0
98,"x[G1,Tue,M3i]",0.0
99,"x[G1,Tue,E1i]",0.0
100,"x[G1,Tue,E2i]",0.0
101,"x[G1,Tue,E3i]",0.0
102,"x[G1,Tue,M1n]",0.0
103,"x[G1,Tue,M2n]",0.0
104,"x[G1,Tue,M3n]",0.0
105,"x[G1,Tue,E1n]",0.0
106,"x[G1,Tue,E2n]",0.0
107,"x[G1,Tue,E3n]",0.0
108,"x[G1,Wed,M1i]",0.0
109,"x[G1,Wed,M2i]",0.0
110,"x[G1,Wed,M3i]",0.0
111,"x[G1,Wed,E1i]",0.0
112,"x[G1,Wed,E2i]",0.0
113,"x[G1,Wed,E3i]",0.0
114,"x[G1,Wed,M1n]",0.0
115,"x[G1,Wed,M2n]",0.0
116,"x[G1,Wed,M3n]",0.0
117,"x[G1,Wed,E1n]",0.0
118,"x[G1,Wed,E2n]",0.0
119,"x[G1,Wed,E3n]",0.0
120,"x[G1,Thu,M1i]",0.0
121,"x[G1,Thu,M2i]",0.0
122,"x[G1,Thu,M3i]",0.0
123,"x[G1,Thu,E1i]",0.0
124,"x[G1,Thu,E2i]",0.0
125,"x[G1,Thu,E3i]",0.0
126,"x[G1,Thu,M1n]",0.0
127,"x[G1,Thu,M2n]",1.0
128,"x[G1,Thu,M3n]",0.0
129,"x[G1,Thu,E1n]",0.0
130,"x[G1,Thu,E2n]",0.0
131,"x[G1,Thu,E3n]",0.0
132,"x[G1,Fri,M1i]",0.0
133,"x[G1,Fri,M2i]",0.0
134,"x[G1,Fri,M3i]",0.0
135,"x[G1,Fri,E1i]",0.0
136,"x[G1,Fri,E2i]",1.0
137,"x[G1,Fri,E3i]",0.0
138,"x[G1,Fri,M1n]",0.0
139,"x[G1,Fri,M2n]",0.0
140,"x[G1,Fri,M3n]",0.0
141,"x[G1,Fri,E1n]",0.0
142,"x[G1,Fri,E2n]",0.0
143,"x[G1,Fri,E3n]",0.0
144,"x[G1,Sat,M1i]",0.0
145,"x[G1,Sat,M2i]",1.0
146,"x[G1,Sat,M3i]",0.0
147,"x[G1,Sat,E1i]",0.0
148,"x[G1,Sat,E2i]",0.0
149,"x[G1,Sat,E3i]",0.0
150,"x[G1,Sat,M1n]",0.0
151,"x[G1,Sat,M2n]",0.0
152,"x[G1,Sat,M3n]",0.0
153,"x[G1,Sat,E1n]",0.0
154,"x[G1,Sat,E2n]",0.0
155,"x[G1,Sat,E3n]",0.0
156,"x[G1,Sun,M1i]",0.0
157,"x[G1,Sun,M2i]",0.0
158,"x[G1,Sun,M3i]",0.0
159,"x[G1,Sun,E1i]",0.0
160,"x[G1,Sun,E2i]",0.0
161,"x[G1,Sun,E3i]",0.0
162,"x[G1,Sun,M1n]",0.0
163,"x[G1,Sun,M2n]",0.0
164,"x[G1,Sun,M3n]",0.0
165,"x[G1,Sun,E1n]",0.0
166,"x[G1,Sun,E2n]",0.0
167,"x[G1,Sun,E3n]",0.0
168,"x[G2,Mon,M1i]",0.0
169,"x[G2,Mon,M2i]",0.0
170,"x[G2,Mon,M3i]",0.0
171,"x[G2,Mon,E1i]",0.0
172,"x[G2,Mon,E2i]",0.0
173,"x[G2,Mon,E3i]",0.0
174,"x[G2,Mon,M1n]",0.0
175,"x[G2,Mon,M2n]",0.0
176,"x[G2,Mon,M3n]",0.0
177,"x[G2,Mon,E1n]",0.0
178,"x[G2,Mon,E2n]",0.0
179,"x[G2,Mon,E3n]",0.0
180,"x[G2,Tue,M1i]",0.0
181,"x[G2,Tue,M2i]",0.0
182,"x[G2,Tue,M3i]",0.0
183,"x[G2,Tue,E1i]",0.0
184,"x[G2,Tue,E2i]",0.0
185,"x[G2,Tue,E3i]",0.0
186,"x[G2,Tue,M1n]",0.0
187,"x[G2,Tue,M2n]",0.0
188,"x[G2,Tue,M3n]",0.0
189,"x[G2,Tue,E1n]",0.0
190,"x[G2,Tue,E2n]",0.0
191,"x[G2,Tue,E3n]",1.0
192,"x[G2,Wed,M1i]",0.0
193,"x[G2,Wed,M2i]",0.0
194,"x[G2,Wed,M3i]",0.0
195,"x[G2,Wed,E1i]",0.0
196,"x[G2,Wed,E2i]",0.0
197,"x[G2,Wed,E3i]",0.0
198,"x[G2,Wed,M1n]",0.0
199,"x[G2,Wed,M2n]",0.0
200,"x[G2,Wed,M3n]",0.0
201,"x[G2,Wed,E1n]",0.0
202,"x[G2,Wed,E2n]",0.0
203,"x[G2,Wed,E3n]",0.0
204,"x[G2,Thu,M1i]",0.0
205,"x[G2,Thu,M2i]",0.0
206,"x[G2,Thu,M3i]",1.0
207,"x[G2,Thu,E1i]",0.0
208,"x[G2,Thu,E2i]",0.0
209,"x[G2,Thu,E3i]",0.0
210,"x[G2,Thu,M1n]",0.0
211,"x[G2,Thu,M2n]",0.0
212,"x[G2,Thu,M3n]",0.0
213,"x[G2,Thu,E1n]",0.0
214,"x[G2,Thu,E2n]",0.0
215,"x[G2,Thu,E3n]",0.0
216,"x[G2,Fri,M1i]",0.0
217,"x[G2,Fri,M2i]",0.0
218,"x[G2,Fri,M3i]",1.0
219,"x[G2,Fri,E1i]",0.0
220,"x[G2,Fri,E2i]",0.0
221,"x[G2,Fri,E3i]",0.0
222,"x[G2,Fri,M1n]",0.0
223,"x[G2,Fri,M2n]",0.0
224,"x[G2,Fri,M3n]",0.0
225,"x[G2,Fri,E1n]",0.0
226,"x[G2,Fri,E2n]",0.0
227,"x[G2,Fri,E3n]",0.0
228,"x[G2,Sat,M1i]",0.0
229,"x[G2,Sat,M2i]",0.0
230,"x[G2,Sat,M3i]",0.0
231,"x[G2,Sat,E1i]",0.0
232,"x[G2,Sat,E2i]",0.0
233,"x[G2,Sat,E3i]",1.0
234,"x[G2,Sat,M1n]",0.0
235,"x[G2,Sat,M2n]",0.0
236,"x[G2,Sat,M3n]",0.0
237,"x[G2,Sat,E1n]",0.0
238,"x[G2,Sat,E2n]",0.0
239,"x[G2,Sat,E3n]",0.0
240,"x[G2,Sun,M1i]",0.0
241,"x[G2,Sun,M2i]",0.0
242,"x[G2,Sun,M3i]",0.0
243,"x[G2,Sun,E1i]",0.0
244,"x[G2,Sun,E2i]",0.0
245,"x[G2,Sun,E3i]",0.0
246,"x[G2,Sun,M1n]",0.0
247,"x[G2,Sun,M2n]",0.0
248,"x[G2,Sun,M3n]",0.0
249,"x[G2,Sun,E1n]",0.0
250,"x[G2,Sun,E2n]",0.0
251,"x[G2,Sun,E3n]",0.0
252,"x[G3,Mon,M1i]",0.0
253,"x[G3,Mon,M2i]",0.0
254,"x[G3,Mon,M3i]",0.0
255,"x[G3,Mon,E1i]",0.0
256,"x[G3,Mon,E2i]",0.0
257,"x[G3,Mon,E3i]",0.0
258,"x[G3,Mon,M1n]",0.0
259,"x[G3,Mon,M2n]",0.0
260,"x[G3,Mon,M3n]",0.0
261,"x[G3,Mon,E1n]",0.0
262,"x[G3,Mon,E2n]",0.0
263,"x[G3,Mon,E3n]",0.0
264,"x[G3,Tue,M1i]",0.0
265,"x[G3,Tue,M2i]",0.0
266,"x[G3,Tue,M3i]",0.0
267,"x[G3,Tue,E1i]",1.0
268,"x[G3,Tue,E2i]",0.0
269,"x[G3,Tue,E3i]",0.0
270,"x[G3,Tue,M1n]",0.0
271,"x[G3,Tue,M2n]",0.0
272,"x[G3,Tue,M3n]",0.0
273,"x[G3,Tue,E1n]",0.0
274,"x[G3,Tue,E2n]",0.0
275,"x[G3,Tue,E3n]",0.0
276,"x[G3,Wed,M1i]",0.0
277,"x[G3,Wed,M2i]",0.0
278,"x[G3,Wed,M3i]",0.0
279,"x[G3,Wed,E1i]",0.0
280,"x[G3,Wed,E2i]",0.0
281,"x[G3,Wed,E3i]",0.0
282,"x[G3,Wed,M1n]",0.0
283,"x[G3,Wed,M2n]",0.0
284,"x[G3,Wed,M3n]",0.0
285,"x[G3,Wed,E1n]",0.0
286,"x[G3,Wed,E2n]",0.0
287,"x[G3,Wed,E3n]",0.0
288,"x[G3,Thu,M1i]",0.0
289,"x[G3,Thu,M2i]",0.0
290,"x[G3,Thu,M3i]",0.0
291,"x[G3,Thu,E1i]",0.0
292,"x[G3,Thu,E2i]",1.0
293,"x[G3,Thu,E3i]",0.0
294,"x[G3,Thu,M1n]",0.0
295,"x[G3,Thu,M2n]",0.0
296,"x[G3,Thu,M3n]",0.0
297,"x[G3,Thu,E1n]",0.0
298,"x[G3,Thu,E2n]",0.0
299,"x[G3,Thu,E3n]",0.0
300,"x[G3,Fri,M1i]",1.0
301,"x[G3,Fri,M2i]",0.0
302,"x[G3,Fri,M3i]",0.0
303,"x[G3,Fri,E1i]",0.0
304,"x[G3,Fri,E2i]",0.0
305,"x[G3,Fri,E3i]",0.0
306,"x[G3,Fri,M1n]",0.0
307,"x[G3,Fri,M2n]",0.0
308,"x[G3,Fri,M3n]",0.0
309,"x[G3,Fri,E1n]",0.0
310,"x[G3,Fri,E2n]",0.0
311,"x[G3,Fri,E3n]",0.0
312,"x[G3,Sat,M1i]",0.0
313,"x[G3,Sat,M2i]",0.0
314,"x[G3,Sat,M3i]",0.0
315,"x[G3,Sat,E1i]",0.0
316,"x[G3,Sat,E2i]",0.0
317,"x[G3,Sat,E3i]",0.0
318,"x[G3,Sat,M1n]",0.0
319,"x[G3,Sat,M2n]",0.0
320,"x[G3,Sat,M3n]",0.0
321,"x[G3,Sat,E1n]",0.0
322,"x[G3,Sat,E2n]",0.0
323,"x[G3,Sat,E3n]",0.0
324,"x[G3,Sun,M1i]",0.0
325,"x[G3,Sun,M2i]",1.0
326,"x[G3,Sun,M3i]",0.0
327,"x[G3,Sun,E1i]",0.0
328,"x[G3,Sun,E2i]",0.0
329,"x[G3,Sun,E3i]",0.0
330,"x[G3,Sun,M1n]",0.0
331,"x[G3,Sun,M2n]",0.0
332,"x[G3,Sun,M3n]",0.0
333,"x[G3,Sun,E1n]",0.0
334,"x[G3,Sun,E2n]",0.0
335,"x[G3,Sun,E3n]",0.0
336,"x[G4,Mon,M1i]",0.0
337,"x[G4,Mon,M2i]",0.0
338,"x[G4,Mon,M3i]",0.0
339,"x[G4,Mon,E1i]",0.0
340,"x[G4,Mon,E2i]",0.0
341,"x[G4,Mon,E3i]",0.0
342,"x[G4,Mon,M1n]",0.0
343,"x[G4,Mon,M2n]",0.0
344,"x[G4,Mon,M3n]",0.0
345,"x[G4,Mon,E1n]",1.0
346,"x[G4,Mon,E2n]",0.0
347,"x[G4,Mon,E3n]",0.0
348,"x[G4,Tue,M1i]",0.0
349,"x[G4,Tue,M2i]",0.0
350,"x[G4,Tue,M3i]",0.0
351,"x[G4,Tue,E1i]",0.0
352,"x[G4,Tue,E2i]",0.0
353,"x[G4,Tue,E3i]",0.0
354,"x[G4,Tue,M1n]",0.0
355,"x[G4,Tue,M2n]",0.0
356,"x[G4,Tue,M3n]",0.0
357,"x[G4,Tue,E1n]",0.0
358,"x[G4,Tue,E2n]",0.0
359,"x[G4,Tue,E3n]",0.0
360,"x[G4,Wed,M1i]",0.0
361,"x[G4,Wed,M2i]",0.0
362,"x[G4,Wed,M3i]",0.0
363,"x[G4,Wed,E1i]",0.0
364,"x[G4,Wed,E2i]",0.0
365,"x[G4,Wed,E3i]",0.0
366,"x[G4,Wed,M1n]",0.0
367,"x[G4,Wed,M2n]",0.0
368,"x[G4,Wed,M3n]",0.0
369,"x[G4,Wed,E1n]",0.0
370,"x[G4,Wed,E2n]",0.0
371,"x[G4,Wed,E3n]",0.0
372,"x[G4,Thu,M1i]",0.0
373,"x[G4,Thu,M2i]",0.0
374,"x[G4,Thu,M3i]",0.0
375,"x[G4,Thu,E1i]",0.0
376,"x[G4,Thu,E2i]",0.0
377,"x[G4,Thu,E3i]",1.0
378,"x[G4,Thu,M1n]",0.0
379,"x[G4,Thu,M2n]",0.0
380,"x[G4,Thu,M3n]",0.0
381,"x[G4,Thu,E1n]",0.0
382,"x[G4,Thu,E2n]",0.0
383,"x[G4,Thu,E3n]",0.0
384,"x[G4,Fri,M1i]",0.0
385,"x[G4,Fri,M2i]",0.0
386,"x[G4,Fri,M3i]",0.0
387,"x[G4,Fri,E1i]",0.0
388,"x[G4,Fri,E2i]",0.0
389,"x[G4,Fri,E3i]",0.0
390,"x[G4,Fri,M1n]",0.0
391,"x[G4,Fri,M2n]",0.0
392,"x[G4,Fri,M3n]",1.0
393,"x[G4,Fri,E1n]",0.0
394,"x[G4,Fri,E2n]",0.0
395,"x[G4,Fri,E3n]",0.0
396,"x[G4,Sat,M1i]",0.0
397,"x[G4,Sat,M2i]",0.0
398,"x[G4,Sat,M3i]",0.0
399,"x[G4,Sat,E1i]",0.0
400,"x[G4,Sat,E2i]",0.0
401,"x[G4,Sat,E3i]",0.0
402,"x[G4,Sat,M1n]",0.0
403,"x[G4,Sat,M2n]",0.0
404,"x[G4,Sat,M3n]",0.0
405,"x[G4,Sat,E1n]",0.0
406,"x[G4,Sat,E2n]",0.0
407,"x[G4,Sat,E3n]",0.0
408,"x[G4,Sun,M1i]",0.0
409,"x[G4,Sun,M2i]",0.0
410,"x[G4,Sun,M3i]",1.0
411,"x[G4,Sun,E1i]",0.0
412,"x[G4,Sun,E2i]",0.0
413,"x[G4,Sun,E3i]",0.0
414,"x[G4,Sun,M1n]",0.0
415,"x[G4,Sun,M2n]",0.0
416,"x[G4,Sun,M3n]",0.0
417,"x[G4,Sun,E1n]",0.0
418,"x[G4,Sun,E2n]",0.0
419,"x[G4,Sun,E3n]",0.0
420,"x[G5,Mon,M1i]",0.0
421,"x[G5,Mon,M2i]",0.0
422,"x[G5,Mon,M3i]",0.0
423,"x[G5,Mon,E1i]",0.0
424,"x[G5,Mon,E2i]",0.0
425,"x[G5,Mon,E3i]",0.0
426,"x[G5,Mon,M1n]",0.0
427,"x[G5,Mon,M2n]",0.0
428,"x[G5,Mon,M3n]",0.0
429,"x[G5,Mon,E1n]",0.0
430,"x[G5,Mon,E2n]",0.0
431,"x[G5,Mon,E3n]",0.0
432,"x[G5,Tue,M1i]",0.0
433,"x[G5,Tue,M2i]",0.0
434,"x[G5,Tue,M3i]",0.0
435,"x[G5,Tue,E1i]",0.0
436,"x[G5,Tue,E2i]",1.0
437,"x[G5,Tue,E3i]",0.0
438,"x[G5,Tue,M1n]",0.0
439,"x[G5,Tue,M2n]",0.0
440,"x[G5,Tue,M3n]",0.0
441,"x[G5,Tue,E1n]",0.0
442,"x[G5,Tue,E2n]",0.0
443,"x[G5,Tue,E3n]",0.0
444,"x[G5,Wed,M1i]",0.0
445,"x[G5,Wed,M2i]",0.0
446,"x[G5,Wed,M3i]",0.0
447,"x[G5,Wed,E1i]",1.0
448,"x[G5,Wed,E2i]",0.0
449,"x[G5,Wed,E3i]",0.0
450,"x[G5,Wed,M1n]",0.0
451,"x[G5,Wed,M2n]",0.0
452,"x[G5,Wed,M3n]",0.0
453,"x[G5,Wed,E1n]",0.0
454,"x[G5,Wed,E2n]",0.0
455,"x[G5,Wed,E3n]",0.0
456,"x[G5,Thu,M1i]",1.0
457,"x[G5,Thu,M2i]",0.0
458,"x[G5,Thu,M3i]",0.0
459,"x[G5,Thu,E1i]",0.0
460,"x[G5,Thu,E2i]",0.0
461,"x[G5,Thu,E3i]",0.0
462,"x[G5,Thu,M1n]",0.0
463,"x[G5,Thu,M2n]",0.0
464,"x[G5,Thu,M3n]",0.0
465,"x[G5,Thu,E1n]",0.0
466,"x[G5,Thu,E2n]",0.0
467,"x[G5,Thu,E3n]",0.0
468,"x[G5,Fri,M1i]",0.0
469,"x[G5,Fri,M2i]",1.0
470,"x[G5,Fri,M3i]",0.0
471,"x[G5,Fri,E1i]",0.0
472,"x[G5,Fri,E2i]",0.0
473,"x[G5,Fri,E3i]",0.0
474,"x[G5,Fri,M1n]",0.0
475,"x[G5,Fri,M2n]",0.0
476,"x[G5,Fri,M3n]",0.0
477,"x[G5,Fri,E1n]",0.0
478,"x[G5,Fri,E2n]",0.0
479,"x[G5,Fri,E3n]",0.0
480,"x[G5,Sat,M1i]",0.0
481,"x[G5,Sat,M2i]",0.0
482,"x[G5,Sat,M3i]",0.0
483,"x[G5,Sat,E1i]",0.0
484,"x[G5,Sat,E2i]",0.0
485,"x[G5,Sat,E3i]",0.0
486,"x[G5,Sat,M1n]",0.0
487,"x[G5,Sat,M2n]",0.0
488,"x[G5,Sat,M3n]",0.0
489,"x[G5,Sat,E1n]",0.0
490,"x[G5,Sat,E2n]",0.0
491,"x[G5,Sat,E3n]",0.0
492,"x[G5,Sun,M1i]",0.0
493,"x[G5,Sun,M2i]",0.0
494,"x[G5,Sun,M3i]",0.0
495,"x[G5,Sun,E1i]",0.0
496,"x[G5,Sun,E2i]",0.0
497,"x[G5,Sun,E3i]",0.0
498,"x[G5,Sun,M1n]",0.0
499,"x[G5,Sun,M2n]",0.0
500,"x[G5,Sun,M3n]",0.0
501,"x[G5,Sun,E1n]",0.0
502,"x[G5,Sun,E2n]",0.0
503,"x[G5,Sun,E3n]",0.0
504,"x[G6,Mon,M1i]",0.0
505,"x[G6,Mon,M2i]",1.0
506,"x[G6,Mon,M3i]",0.0
507,"x[G6,Mon,E1i]",0.0
508,"x[G6,Mon,E2i]",0.0
509,"x[G6,Mon,E3i]",0.0
510,"x[G6,Mon,M1n]",0.0
511,"x[G6,Mon,M2n]",0.0
512,"x[G6,Mon,M3n]",0.0
513,"x[G6,Mon,E1n]",0.0
514,"x[G6,Mon,E2n]",0.0
515,"x[G6,Mon,E3n]",0.0
516,"x[G6,Tue,M1i]",1.0
517,"x[G6,Tue,M2i]",0.0
518,"x[G6,Tue,M3i]",0.0
519,"x[G6,Tue,E1i]",0.0
520,"x[G6,Tue,E2i]",0.0
521,"x[G6,Tue,E3i]",0.0
522,"x[G6,Tue,M1n]",0.0
523,"x[G6,Tue,M2n]",0.0
524,"x[G6,Tue,M3n]",0.0
525,"x[G6,Tue,E1n]",0.0
526,"x[G6,Tue,E2n]",0.0
527,"x[G6,Tue,E3n]",0.0
528,"x[G6,Wed,M1i]",0.0
529,"x[G6,Wed,M2i]",0.0
530,"x[G6,Wed,M3i]",0.0
531,"x[G6,Wed,E1i]",0.0
532,"x[G6,Wed,E2i]",0.0
533,"x[G6,Wed,E3i]",0.0
534,"x[G6,Wed,M1n]",0.0
535,"x[G6,Wed,M2n]",0.0
536,"x[G6,Wed,M3n]",0.0
537,"x[G6,Wed,E1n]",0.0
538,"x[G6,Wed,E2n]",0.0
539,"x[G6,Wed,E3n]",0.0
540,"x[G6,Thu,M1i]",0.0
541,"x[G6,Thu,M2i]",0.0
542,"x[G6,Thu,M3i]",0.0
543,"x[G6,Thu,E1i]",0.0
544,"x[G6,Thu,E2i]",0.0
545,"x[G6,Thu,E3i]",0.0
546,"x[G6,Thu,M1n]",0.0
547,"x[G6,Thu,M2n]",0.0
548,"x[G6,Thu,M3n]",0.0
549,"x[G6,Thu,E1n]",0.0
550,"x[G6,Thu,E2n]",0.0
551,"x[G6,Thu,E3n]",0.0
552,"x[G6,Fri,M1i]",0.0
553,"x[G6,Fri,M2i]",0.0
554,"x[G6,Fri,M3i]",0.0
555,"x[G6,Fri,E1i]",0.0
556,"x[G6,Fri,E2i]",1.0
557,"x[G6,Fri,E3i]",0.0
558,"x[G6,Fri,M1n]",0.0
559,"x[G6,Fri,M2n]",0.0
560,"x[G6,Fri,M3n]",0.0
561,"x[G6,Fri,E1n]",0.0
562,"x[G6,Fri,E2n]",0.0
563,"x[G6,Fri,E3n]",0.0
564,"x[G6,Sat,M1i]",0.0
565,"x[G6,Sat,M2i]",0.0
566,"x[G6,Sat,M3i]",1.0
567,"x[G6,Sat,E1i]",0.0
568,"x[G6,Sat,E2i]",0.0
569,"x[G6,Sat,E3i]",0.0
570,"x[G6,Sat,M1n]",0.0
571,"x[G6,Sat,M2n]",0.0
572,"x[G6,Sat,M3n]",0.0
573,"x[G6,Sat,E1n]",0.0
574,"x[G6,Sat,E2n]",0.0
575,"x[G6,Sat,E3n]",0.0
576,"x[G6,Sun,M1i]",0.0
577,"x[G6,Sun,M2i]",0.0
578,"x[G6,Sun,M3i]",0.0
579,"x[G6,Sun,E1i]",0.0
580,"x[G6,Sun,E2i]",0.0
581,"x[G6,Sun,E3i]",0.0
582,"x[G6,Sun,M1n]",0.0
583,"x[G6,Sun,M2n]",0.0
584,"x[G6,Sun,M3n]",0.0
585,"x[G6,Sun,E1n]",0.0
586,"x[G6,Sun,E2n]",0.0
587,"x[G6,Sun,E3n]",0.0
588,"x[G7,Mon,M1i]",0.0
589,"x[G7,Mon,M2i]",0.0
590,"x[G7,Mon,M3i]",0.0
591,"x[G7,Mon,E1i]",0.0
592,"x[G7,Mon,E2i]",0.0
593,"x[G7,Mon,E3i]",0.0
594,"x[G7,Mon,M1n]",0.0
595,"x[G7,Mon,M2n]",1.0
596,"x[G7,Mon,M3n]",0.0
597,"x[G7,Mon,E1n]",0.0
598,"x[G7,Mon,E2n]",0.0
599,"x[G7,Mon,E3n]",0.0
600,"x[G7,Tue,M1i]",0.0
601,"x[G7,Tue,M2i]",0.0
602,"x[G7,Tue,M3i]",0.0
603,"x[G7,Tue,E1i]",0.0
604,"x[G7,Tue,E2i]",0.0
605,"x[G7,Tue,E3i]",0.0
606,"x[G7,Tue,M1n]",0.0
607,"x[G7,Tue,M2n]",0.0
608,"x[G7,Tue,M3n]",0.0
609,"x[G7,Tue,E1n]",0.0
610,"x[G7,Tue,E2n]",0.0
611,"x[G7,Tue,E3n]",0.0
612,"x[G7,Wed,M1i]",0.0
613,"x[G7,Wed,M2i]",0.0
614,"x[G7,Wed,M3i]",0.0
615,"x[G7,Wed,E1i]",0.0
616,"x[G7,Wed,E2i]",0.0
617,"x[G7,Wed,E3i]",0.0
618,"x[G7,Wed,M1n]",0.0
619,"x[G7,Wed,M2n]",0.0
620,"x[G7,Wed,M3n]",0.0
621,"x[G7,Wed,E1n]",0.0
622,"x[G7,Wed,E2n]",0.0
623,"x[G7,Wed,E3n]",0.0
624,"x[G7,Thu,M1i]",0.0
625,"x[G7,Thu,M2i]",0.0
626,"x[G7,Thu,M3i]",0.0
627,"x[G7,Thu,E1i]",0.0
628,"x[G7,Thu,E2i]",0.0
629,"x[G7,Thu,E3i]",0.0
630,"x[G7,Thu,M1n]",0.0
631,"x[G7,Thu,M2n]",0.0
632,"x[G7,Thu,M3n]",0.0
633,"x[G7,Thu,E1n]",0.0
634,"x[G7,Thu,E2n]",0.0
635,"x[G7,Thu,E3n]",1.0
636,"x[G7,Fri,M1i]",0.0
637,"x[G7,Fri,M2i]",0.0
638,"x[G7,Fri,M3i]",0.0
639,"x[G7,Fri,E1i]",0.0
640,"x[G7,Fri,E2i]",0.0
641,"x[G7,Fri,E3i]",0.0
642,"x[G7,Fri,M1n]",0.0
643,"x[G7,Fri,M2n]",0.0
644,"x[G7,Fri,M3n]",0.0
645,"x[G7,Fri,E1n]",0.0
646,"x[G7,Fri,E2n]",0.0
647,"x[G7,Fri,E3n]",1.0
648,"x[G7,Sat,M1i]",0.0
649,"x[G7,Sat,M2i]",0.0
650,"x[G7,Sat,M3i]",0.0
651,"x[G7,Sat,E1i]",0.0
652,"x[G7,Sat,E2i]",0.0
653,"x[G7,Sat,E3i]",0.0
654,"x[G7,Sat,M1n]",0.0
655,"x[G7,Sat,M2n]",0.0
656,"x[G7,Sat,M3n]",0.0
657,"x[G7,Sat,E1n]",0.0
658,"x[G7,Sat,E2n]",0.0
659,"x[G7,Sat,E3n]",0.0
660,"x[G7,Sun,M1i]",0.0
661,"x[G7,Sun,M2i]",0.0
662,"x[G7,Sun,M3i]",0.0
663,"x[G7,Sun,E1i]",0.0
664,"x[G7,Sun,E2i]",0.0
665,"x[G7,Sun,E3i]",0.0
666,"x[G7,Sun,M1n]",0.0
667,"x[G7,Sun,M2n]",0.0
668,"x[G7,Sun,M3n]",1.0
669,"x[G7,Sun,E1n]",0.0
670,"x[G7,Sun,E2n]",0.0
671,"x[G7,Sun,E3n]",0.0
672,"x[G8,Mon,M1i]",0.0
673,"x[G8,Mon,M2i]",0.0
674,"x[G8,Mon,M3i]",0.0
675,"x[G8,Mon,E1i]",0.0
676,"x[G8,Mon,E2i]",0.0
677,"x[G8,Mon,E3i]",1.0
678,"x[G8,Mon,M1n]",0.0
679,"x[G8,Mon,M2n]",0.0
680,"x[G8,Mon,M3n]",0.0
681,"x[G8,Mon,E1n]",0.0
682,"x[G8,Mon,E2n]",0.0
683,"x[G8,Mon,E3n]",0.0
684,"x[G8,Tue,M1i]",0.0
685,"x[G8,Tue,M2i]",0.0
686,"x[G8,Tue,M3i]",0.0
687,"x[G8,Tue,E1i]",0.0
688,"x[G8,Tue,E2i]",0.0
689,"x[G8,Tue,E3i]",0.0
690,"x[G8,Tue,M1n]",0.0
691,"x[G8,Tue,M2n]",0.0
692,"x[G8,Tue,M3n]",0.0
693,"x[G8,Tue,E1n]",0.0
694,"x[G8,Tue,E2n]",0.0
695,"x[G8,Tue,E3n]",0.0
696,"x[G8,Wed,M1i]",0.0
697,"x[G8,Wed,M2i]",0.0
698,"x[G8,Wed,M3i]",0.0
699,"x[G8,Wed,E1i]",0.0
700,"x[G8,Wed,E2i]",1.0
701,"x[G8,Wed,E3i]",0.0
702,"x[G8,Wed,M1n]",0.0
703,"x[G8,Wed,M2n]",0.0
704,"x[G8,Wed,M3n]",0.0
705,"x[G8,Wed,E1n]",0.0
706,"x[G8,Wed,E2n]",0.0
707,"x[G8,Wed,E3n]",0.0
708,"x[G8,Thu,M1i]",0.0
709,"x[G8,Thu,M2i]",0.0
710,"x[G8,Thu,M3i]",0.0
711,"x[G8,Thu,E1i]",0.0
712,"x[G8,Thu,E2i]",0.0
713,"x[G8,Thu,E3i]",0.0
714,"x[G8,Thu,M1n]",0.0
715,"x[G8,Thu,M2n]",0.0
716,"x[G8,Thu,M3n]",1.0
717,"x[G8,Thu,E1n]",0.0
718,"x[G8,Thu,E2n]",0.0
719,"x[G8,Thu,E3n]",0.0
720,"x[G8,Fri,M1i]",0.0
721,"x[G8,Fri,M2i]",0.0
722,"x[G8,Fri,M3i]",0.0
723,"x[G8,Fri,E1i]",0.0
724,"x[G8,Fri,E2i]",0.0
725,"x[G8,Fri,E3i]",0.0
726,"x[G8,Fri,M1n]",0.0
727,"x[G8,Fri,M2n]",0.0
728,"x[G8,Fri,M3n]",0.0
729,"x[G8,Fri,E1n]",0.0
730,"x[G8,Fri,E2n]",0.0
731,"x[G8,Fri,E3n]",0.0
732,"x[G8,Sat,M1i]",0.0
733,"x[G8,Sat,M2i]",0.0
734,"x[G8,Sat,M3i]",0.0
735,"x[G8,Sat,E1i]",0.0
736,"x[G8,Sat,E2i]",0.0
737,"x[G8,Sat,E3i]",0.0
738,"x[G8,Sat,M1n]",0.0
739,"x[G8,Sat,M2n]",0.0
740,"x[G8,Sat,M3n]",0.0
741,"x[G8,Sat,E1n]",0.0
742,"x[G8,Sat,E2n]",0.0
743,"x[G8,Sat,E3n]",0.0
744,"x[G8,Sun,M1i]",0.0
745,"x[G8,Sun,M2i]",0.0
746,"x[G8,Sun,M3i]",0.0
747,"x[G8,Sun,E1i]",0.0
748,"x[G8,Sun,E2i]",0.0
749,"x[G8,Sun,E3i]",0.0
750,"x[G8,Sun,M1n]",0.0
751,"x[G8,Sun,M2n]",0.0
752,"x[G8,Sun,M3n]",0.0
753,"x[G8,Sun,E1n]",0.0
754,"x[G8,Sun,E2n]",0.0
755,"x[G8,Sun,E3n]",1.0
756,"x[G9,Mon,M1i]",0.0
757,"x[G9,Mon,M2i]",0.0
758,"x[G9,Mon,M3i]",0.0
759,"x[G9,Mon,E1i]",0.0
760,"x[G9,Mon,E2i]",0.0
761,"x[G9,Mon,E3i]",0.0
762,"x[G9,Mon,M1n]",0.0
763,"x[G9,Mon,M2n]",0.0
764,"x[G9,Mon,M3n]",0.0
765,"x[G9,Mon,E1n]",0.0
766,"x[G9,Mon,E2n]",0.0
767,"x[G9,Mon,E3n]",1.0
768,"x[G9,Tue,M1i]",0.0
769,"x[G9,Tue,M2i]",0.0
770,"x[G9,Tue,M3i]",0.0
771,"x[G9,Tue,E1i]",0.0
772,"x[G9,Tue,E2i]",0.0
773,"x[G9,Tue,E3i]",0.0
774,"x[G9,Tue,M1n]",0.0
775,"x[G9,Tue,M2n]",0.0
776,"x[G9,Tue,M3n]",0.0
777,"x[G9,Tue,E1n]",0.0
778,"x[G9,Tue,E2n]",0.0
779,"x[G9,Tue,E3n]",0.0
780,"x[G9,Wed,M1i]",0.0
781,"x[G9,Wed,M2i]",0.0
782,"x[G9,Wed,M3i]",0.0
783,"x[G9,Wed,E1i]",0.0
784,"x[G9,Wed,E2i]",0.0
785,"x[G9,Wed,E3i]",0.0
786,"x[G9,Wed,M1n]",0.0
787,"x[G9,Wed,M2n]",0.0
788,"x[G9,Wed,M3n]",0.0
789,"x[G9,Wed,E1n]",0.0
790,"x[G9,Wed,E2n]",1.0
791,"x[G9,Wed,E3n]",0.0
792,"x[G9,Thu,M1i]",0.0
793,"x[G9,Thu,M2i]",0.0
794,"x[G9,Thu,M3i]",0.0
795,"x[G9,Thu,E1i]",0.0
796,"x[G9,Thu,E2i]",0.0
797,"x[G9,Thu,E3i]",0.0
798,"x[G9,Thu,M1n]",0.0
799,"x[G9,Thu,M2n]",0.0
800,"x[G9,Thu,M3n]",0.0
801,"x[G9,Thu,E1n]",0.0
802,"x[G9,Thu,E2n]",1.0
803,"x[G9,Thu,E3n]",0.0
804,"x[G9,Fri,M1i]",0.0
805,"x[G9,Fri,M2i]",0.0
806,"x[G9,Fri,M3i]",0.0
807,"x[G9,Fri,E1i]",0.0
808,"x[G9,Fri,E2i]",0.0
809,"x[G9,Fri,E3i]",0.0
810,"x[G9,Fri,M1n]",0.0
811,"x[G9,Fri,M2n]",0.0
812,"x[G9,Fri,M3n]",0.0
813,"x[G9,Fri,E1n]",0.0
814,"x[G9,Fri,E2n]",0.0
815,"x[G9,Fri,E3n]",0.0
816,"x[G9,Sat,M1i]",0.0
817,"x[G9,Sat,M2i]",0.0
818,"x[G9,Sat,M3i]",0.0
819,"x[G9,Sat,E1i]",0.0
820,"x[G9,Sat,E2i]",0.0
821,"x[G9,Sat,E3i]",0.0
822,"x[G9,Sat,M1n]",0.0
823,"x[G9,Sat,M2n]",0.0
824,"x[G9,Sat,M3n]",1.0
825,"x[G9,Sat,E1n]",0.0
826,"x[G9,Sat,E2n]",0.0
827,"x[G9,Sat,E3n]",0.0
828,"x[G9,Sun,M1i]",0.0
829,"x[G9,Sun,M2i]",0.0
830,"x[G9,Sun,M3i]",0.0
831,"x[G9,Sun,E1i]",0.0
832,"x[G9,Sun,E2i]",0.0
833,"x[G9,Sun,E3i]",0.0
834,"x[G9,Sun,M1n]",0.0
835,"x[G9,Sun,M2n]",0.0
836,"x[G9,Sun,M3n]",0.0
837,"x[G9,Sun,E1n]",0.0
838,"x[G9,Sun,E2n]",0.0
839,"x[G9,Sun,E3n]",0.0
840,"x[G10,Mon,M1i]",0.0
841,"x[G10,Mon,M2i]",0.0
842,"x[G10,Mon,M3i]",0.0
843,"x[G10,Mon,E1i]",0.0
844,"x[G10,Mon,E2i]",0.0
845,"x[G10,Mon,E3i]",0.0
846,"x[G10,Mon,M1n]",0.0
847,"x[G10,Mon,M2n]",0.0
848,"x[G10,Mon,M3n]",0.0
849,"x[G10,Mon,E1n]",0.0
850,"x[G10,Mon,E2n]",0.0
851,"x[G10,Mon,E3n]",0.0
852,"x[G10,Tue,M1i]",0.0
853,"x[G10,Tue,M2i]",0.0
854,"x[G10,Tue,M3i]",0.0
855,"x[G10,Tue,E1i]",0.0
856,"x[G10,Tue,E2i]",0.0
857,"x[G10,Tue,E3i]",0.0
858,"x[G10,Tue,M1n]",0.0
859,"x[G10,Tue,M2n]",0.0
860,"x[G10,Tue,M3n]",0.0
861,"x[G10,Tue,E1n]",0.0
862,"x[G10,Tue,E2n]",0.0
863,"x[G10,Tue,E3n]",0.0
864,"x[G10,Wed,M1i]",0.0
865,"x[G10,Wed,M2i]",0.0
866,"x[G10,Wed,M3i]",0.0
867,"x[G10,Wed,E1i]",0.0
868,"x[G10,Wed,E2i]",0.0
869,"x[G10,Wed,E3i]",0.0
870,"x[G10,Wed,M1n]",0.0
871,"x[G10,Wed,M2n]",0.0
872,"x[G10,Wed,M3n]",0.0
873,"x[G10,Wed,E1n]",0.0
874,"x[G10,Wed,E2n]",0.0
875,"x[G10,Wed,E3n]",0.0
876,"x[G10,Thu,M1i]",0.0
877,"x[G10,Thu,M2i]",0.0
878,"x[G10,Thu,M3i]",0.0
879,"x[G10,Thu,E1i]",0.0
880,"x[G10,Thu,E2i]",0.0
881,"x[G10,Thu,E3i]",0.0
882,"x[G10,Thu,M1n]",1.0
883,"x[G10,Thu,M2n]",0.0
884,"x[G10,Thu,M3n]",0.0
885,"x[G10,Thu,E1n]",0.0
886,"x[G10,Thu,E2n]",0.0
887,"x[G10,Thu,E3n]",0.0
888,"x[G10,Fri,M1i]",0.0
889,"x[G10,Fri,M2i]",0.0
890,"x[G10,Fri,M3i]",0.0
891,"x[G10,Fri,E1i]",0.0
892,"x[G10,Fri,E2i]",0.0
893,"x[G10,Fri,E3i]",0.0
894,"x[G10,Fri,M1n]",1.0
895,"x[G10,Fri,M2n]",0.0
896,"x[G10,Fri,M3n]",0.0
897,"x[G10,Fri,E1n]",0.0
898,"x[G10,Fri,E2n]",0.0
899,"x[G10,Fri,E3n]",0.0
900,"x[G10,Sat,M1i]",0.0
901,"x[G10,Sat,M2i]",0.0
902,"x[G10,Sat,M3i]",0.0
903,"x[G10,Sat,E1i]",0.0
904,"x[G10,Sat,E2i]",0.0
905,"x[G10,Sat,E3i]",0.0
906,"x[G10,Sat,M1n]",0.0
907,"x[G10,Sat,M2n]",1.0
908,"x[G10,Sat,M3n]",0.0
909,"x[G10,Sat,E1n]",0.0
910,"x[G10,Sat,E2n]",0.0
911,"x[G10,Sat,E3n]",0.0
912,"x[G10,Sun,M1i]",0.0
913,"x[G10,Sun,M2i]",0.0
914,"x[G10,Sun,M3i]",0.0
915,"x[G10,Sun,E1i]",0.0
916,"x[G10,Sun,E2i]",0.0
917,"x[G10,Sun,E3i]",0.0
918,"x[G10,Sun,M1n]",0.0
919,"x[G10,Sun,M2n]",1.0
920,"x[G10,Sun,M3n]",0.0
921,"x[G10,Sun,E1n]",0.0
922,"x[G10,Sun,E2n]",0.0
923,"x[G10,Sun,E3n]",0.0
924,"x[G11,Mon,M1i]",0.0
925,"x[G11,Mon,M2i]",0.0
926,"x[G11,Mon,M3i]",0.0
927,"x[G11,Mon,E1i]",0.0
928,"x[G11,Mon,E2i]",0.0
929,"x[G11,Mon,E3i]",0.0
930,"x[G11,Mon,M1n]",0.0
931,"x[G11,Mon,M2n]",0.0
932,"x[G11,Mon,M3n]",0.0
933,"x[G11,Mon,E1n]",0.0
934,"x[G11,Mon,E2n]",0.0
935,"x[G11,Mon,E3n]",0.0
936,"x[G11,Tue,M1i]",0.0
937,"x[G11,Tue,M2i]",0.0
938,"x[G11,Tue,M3i]",1.0
939,"x[G11,Tue,E1i]",0.0
940,"x[G11,Tue,E2i]",0.0
941,"x[G11,Tue,E3i]",0.0
942,"x[G11,Tue,M1n]",0.0
943,"x[G11,Tue,M2n]",0.0
944,"x[G11,Tue,M3n]",0.0
945,"x[G11,Tue,E1n]",0.0
946,"x[G11,Tue,E2n]",0.0
947,"x[G11,Tue,E3n]",0.0
948,"x[G11,Wed,M1i]",0.0
949,"x[G11,Wed,M2i]",0.0
950,"x[G11,Wed,M3i]",0.0
951,"x[G11,Wed,E1i]",0.0
952,"x[G11,Wed,E2i]",0.0
953,"x[G11,Wed,E3i]",0.0
954,"x[G11,Wed,M1n]",0.0
955,"x[G11,Wed,M2n]",0.0
956,"x[G11,Wed,M3n]",0.0
957,"x[G11,Wed,E1n]",0.0
958,"x[G11,Wed,E2n]",0.0
959,"x[G11,Wed,E3n]",1.0
960,"x[G11,Thu,M1i]",0.0
961,"x[G11,Thu,M2i]",0.0
962,"x[G11,Thu,M3i]",0.0
963,"x[G11,Thu,E1i]",0.0
964,"x[G11,Thu,E2i]",0.0
965,"x[G11,Thu,E3i]",0.0
966,"x[G11,Thu,M1n]",0.0
967,"x[G11,Thu,M2n]",0.0
968,"x[G11,Thu,M3n]",0.0
969,"x[G11,Thu,E1n]",0.0
970,"x[G11,Thu,E2n]",0.0
971,"x[G11,Thu,E3n]",0.0
972,"x[G11,Fri,M1i]",0.0
973,"x[G11,Fri,M2i]",0.0
974,"x[G11,Fri,M3i]",0.0
975,"x[G11,Fri,E1i]",0.0
976,"x[G11,Fri,E2i]",0.0
977,"x[G11,Fri,E3i]",0.0
978,"x[G11,Fri,M1n]",0.0
979,"x[G11,Fri,M2n]",0.0
980,"x[G11,Fri,M3n]",0.0
981,"x[G11,Fri,E1n]",0.0
982,"x[G11,Fri,E2n]",0.0
983,"x[G11,Fri,E3n]",0.0
984,"x[G11,Sat,M1i]",0.0
985,"x[G11,Sat,M2i]",0.0
986,"x[G11,Sat,M3i]",0.0
987,"x[G11,Sat,E1i]",0.0
988,"x[G11,Sat,E2i]",0.0
989,"x[G11,Sat,E3i]",0.0
990,"x[G11,Sat,M1n]",0.0
991,"x[G11,Sat,M2n]",0.0
992,"x[G11,Sat,M3n]",0.0
993,"x[G11,Sat,E1n]",0.0
994,"x[G11,Sat,E2n]",0.0
995,"x[G11,Sat,E3n]",0.0
996,"x[G11,Sun,M1i]",0.0
997,"x[G11,Sun,M2i]",0.0
998,"x[G11,Sun,M3i]",0.0
999,"x[G11,Sun,E1i]",0.0
1000,"x[G11,Sun,E2i]",0.0
1001,"x[G11,Sun,E3i]",0.0
1002,"x[G11,Sun,M1n]",0.0
1003,"x[G11,Sun,M2n]",0.0
1004,"x[G11,Sun,M3n]",0.0
1005,"x[G11,Sun,E1n]",0.0
1006,"x[G11,Sun,E2n]",0.0
1007,"x[G11,Sun,E3n]",0.0
1008,"x[G12,Mon,M1i]",0.0
1009,"x[G12,Mon,M2i]",0.0
1010,"x[G12,Mon,M3i]",0.0
1011,"x[G12,Mon,E1i]",0.0
1012,"x[G12,Mon,E2i]",0.0
1013,"x[G12,Mon,E3i]",0.0
1014,"x[G12,Mon,M1n]",0.0
1015,"x[G12,Mon,M2n]",0.0
1016,"x[G12,Mon,M3n]",0.0
1017,"x[G12,Mon,E1n]",0.0
1018,"x[G12,Mon,E2n]",0.0
1019,"x[G12,Mon,E3n]",0.0
1020,"x[G12,Tue,M1i]",0.0
1021,"x[G12,Tue,M2i]",0.0
1022,"x[G12,Tue,M3i]",0.0
1023,"x[G12,Tue,E1i]",0.0
1024,"x[G12,Tue,E2i]",0.0
1025,"x[G12,Tue,E3i]",0.0
1026,"x[G12,Tue,M1n]",0.0
1027,"x[G12,Tue,M2n]",0.0
1028,"x[G12,Tue,M3n]",1.0
1029,"x[G12,Tue,E1n]",0.0
1030,"x[G12,Tue,E2n]",0.0
1031,"x[G12,Tue,E3n]",0.0
1032,"x[G12,Wed,M1i]",0.0
1033,"x[G12,Wed,M2i]",0.0
1034,"x[G12,Wed,M3i]",0.0
1035,"x[G12,Wed,E1i]",0.0
1036,"x[G12,Wed,E2i]",0.0
1037,"x[G12,Wed,E3i]",0.0
1038,"x[G12,Wed,M1n]",0.0
1039,"x[G12,Wed,M2n]",0.0
1040,"x[G12,Wed,M3n]",0.0
1041,"x[G12,Wed,E1n]",0.0
1042,"x[G12,Wed,E2n]",0.0
1043,"x[G12,Wed,E3n]",0.0
1044,"x[G12,Thu,M1i]",0.0
1045,"x[G12,Thu,M2i]",0.0
1046,"x[G12,Thu,M3i]",0.0
1047,"x[G12,Thu,E1i]",1.0
1048,"x[G12,Thu,E2i]",0.0
1049,"x[G12,Thu,E3i]",0.0
1050,"x[G12,Thu,M1n]",0.0
1051,"x[G12,Thu,M2n]",0.0
1052,"x[G12,Thu,M3n]",0.0
1053,"x[G12,Thu,E1n]",0.0
1054,"x[G12,Thu,E2n]",0.0
1055,"x[G12,Thu,E3n]",0.0
1056,"x[G12,Fri,M1i]",0.0
1057,"x[G12,Fri,M2i]",0.0
1058,"x[G12,Fri,M3i]",0.0
1059,"x[G12,Fri,E1i]",0.0
1060,"x[G12,Fri,E2i]",0.0
1061,"x[G12,Fri,E3i]",0.0
1062,"x[G12,Fri,M1n]",0.0
1063,"x[G12,Fri,M2n]",0.0
1064,"x[G12,Fri,M3n]",0.0
1065,"x[G12,Fri,E1n]",0.0
1066,"x[G12,Fri,E2n]",1.0
1067,"x[G12,Fri,E3n]",0.0
1068,"x[G12,Sat,M1i]",0.0
1069,"x[G12,Sat,M2i]",0.0
1070,"x[G12,Sat,M3i]",0.0
1071,"x[G12,Sat,E1i]",0.0
1072,"x[G12,Sat,E2i]",0.0
1073,"x[G12,Sat,E3i]",0.0
1074,"x[G12,Sat,M1n]",0.0
1075,"x[G12,Sat,M2n]",0.0
1076,"x[G12,Sat,M3n]",0.0
1077,"x[G12,Sat,E1n]",0.0
1078,"x[G12,Sat,E2n]",0.0
1079,"x[G12,Sat,E3n]",0.0
1080,"x[G12,Sun,M1i]",0.0
1081,"x[G12,Sun,M2i]",1.0
1082,"x[G12,Sun,M3i]",0.0
1083,"x[G12,Sun,E1i]",0.0
1084,"x[G12,Sun,E2i]",0.0
1085,"x[G12,Sun,E3i]",0.0
1086,"x[G12,Sun,M1n]",0.0
1087,"x[G12,Sun,M2n]",0.0
1088,"x[G12,Sun,M3n]",0.0
1089,"x[G12,Sun,E1n]",0.0
1090,"x[G12,Sun,E2n]",0.0
1091,"x[G12,Sun,E3n]",0.0
1092,"x[G13,Mon,M1i]",0.0
1093,"x[G13,Mon,M2i]",0.0
1094,"x[G13,Mon,M3i]",0.0
1095,"x[G13,Mon,E1i]",0.0
1096,"x[G13,Mon,E2i]",0.0
1097,"x[G13,Mon,E3i]",0.0
1098,"x[G13,Mon,M1n]",1.0
1099,"x[G13,Mon,M2n]",0.0
1100,"x[G13,Mon,M3n]",0.0
1101,"x[G13,Mon,E1n]",0.0
1102,"x[G13,Mon,E2n]",0.0
1103,"x[G13,Mon,E3n]",0.0
1104,"x[G13,Tue,M1i]",0.0
1105,"x[G13,Tue,M2i]",0.0
1106,"x[G13,Tue,M3i]",0.0
1107,"x[G13,Tue,E1i]",0.0
1108,"x[G13,Tue,E2i]",0.0
1109,"x[G13,Tue,E3i]",0.0
1110,"x[G13,Tue,M1n]",0.0
1111,"x[G13,Tue,M2n]",0.0
1112,"x[G13,Tue,M3n]",0.0
1113,"x[G13,Tue,E1n]",1.0
1114,"x[G13,Tue,E2n]",0.0
1115,"x[G13,Tue,E3n]",0.0
1116,"x[G13,Wed,M1i]",0.0
1117,"x[G13,Wed,M2i]",1.0
1118,"x[G13,Wed,M3i]",0.0
1119,"x[G13,Wed,E1i]",0.0
1120,"x[G13,Wed,E2i]",0.0
1121,"x[G13,Wed,E3i]",0.0
1122,"x[G13,Wed,M1n]",0.0
1123,"x[G13,Wed,M2n]",0.0
1124,"x[G13,Wed,M3n]",0.0
1125,"x[G13,Wed,E1n]",0.0
1126,"x[G13,Wed,E2n]",0.0
1127,"x[G13,Wed,E3n]",0.0
1128,"x[G13,Thu,M1i]",0.0
1129,"x[G13,Thu,M2i]",0.0
1130,"x[G13,Thu,M3i]",0.0
1131,"x[G13,Thu,E1i]",0.0
1132,"x[G13,Thu,E2i]",0.0
1133,"x[G13,Thu,E3i]",0.0
1134,"x[G13,Thu,M1n]",0.0
1135,"x[G13,Thu,M2n]",0.0
1136,"x[G13,Thu,M3n]",0.0
1137,"x[G13,Thu,E1n]",0.0
1138,"x[G13,Thu,E2n]",0.0
1139,"x[G13,Thu,E3n]",0.0
1140,"x[G13,Fri,M1i]",0.0
1141,"x[G13,Fri,M2i]",0.0
1142,"x[G13,Fri,M3i]",0.0
1143,"x[G13,Fri,E1i]",1.0
1144,"x[G13,Fri,E2i]",0.0
1145,"x[G13,Fri,E3i]",0.0
1146,"x[G13,Fri,M1n]",0.0
1147,"x[G13,Fri,M2n]",0.0
1148,"x[G13,Fri,M3n]",0.0
1149,"x[G13,Fri,E1n]",0.0
1150,"x[G13,Fri,E2n]",0.0
1151,"x[G13,Fri,E3n]",0.0
1152,"x[G13,Sat,M1i]",0.0
1153,"x[G13,Sat,M2i]",0.0
1154,"x[G13,Sat,M3i]",0.0
1155,"x[G13,Sat,E1i]",0.0
1156,"x[G13,Sat,E2i]",0.0
1157,"x[G13,Sat,E3i]",0.0
1158,"x[G13,Sat,M1n]",0.0
1159,"x[G13,Sat,M2n]",0.0
1160,"x[G13,Sat,M3n]",0.0
1161,"x[G13,Sat,E1n]",0.0
1162,"x[G13,Sat,E2n]",0.0
1163,"x[G13,Sat,E3n]",0.0
1164,"x[G13,Sun,M1i]",0.0
1165,"x[G13,Sun,M2i]",0.0
1166,"x[G13,Sun,M3i]",0.0
1167,"x[G13,Sun,E1i]",0.0
1168,"x[G13,Sun,E2i]",0.0
1169,"x[G13,Sun,E3i]",0.0
1170,"x[G13,Sun,M1n]",0.0
1171,"x[G13,Sun,M2n]",0.0
1172,"x[G13,Sun,M3n]",0.0
1173,"x[G13,Sun,E1n]",0.0
1174,"x[G13,Sun,E2n]",0.0
1175,"x[G13,Sun,E3n]",0.0
1176,"x[G14,Mon,M1i]",0.0
1177,"x[G14,Mon,M2i]",0.0
1178,"x[G14,Mon,M3i]",0.0
1179,"x[G14,Mon,E1i]",1.0
1180,"x[G14,Mon,E2i]",0.0
1181,"x[G14,Mon,E3i]",0.0
1182,"x[G14,Mon,M1n]",0.0
1183,"x[G14,Mon,M2n]",0.0
1184,"x[G14,Mon,M3n]",0.0
1185,"x[G14,Mon,E1n]",0.0
1186,"x[G14,Mon,E2n]",0.0
1187,"x[G14,Mon,E3n]",0.0
1188,"x[G14,Tue,M1i]",0.0
1189,"x[G14,Tue,M2i]",0.0
1190,"x[G14,Tue,M3i]",0.0
1191,"x[G14,Tue,E1i]",0.0
1192,"x[G14,Tue,E2i]",0.0
1193,"x[G14,Tue,E3i]",0.0
1194,"x[G14,Tue,M1n]",0.0
1195,"x[G14,Tue,M2n]",1.0
1196,"x[G14,Tue,M3n]",0.0
1197,"x[G14,Tue,E1n]",0.0
1198,"x[G14,Tue,E2n]",0.0
1199,"x[G14,Tue,E3n]",0.0
1200,"x[G14,Wed,M1i]",0.0
1201,"x[G14,Wed,M2i]",0.0
1202,"x[G14,Wed,M3i]",0.0
1203,"x[G14,Wed,E1i]",0.0
1204,"x[G14,Wed,E2i]",0.0
1205,"x[G14,Wed,E3i]",0.0
1206,"x[G14,Wed,M1n]",1.0
1207,"x[G14,Wed,M2n]",0.0
1208,"x[G14,Wed,M3n]",0.0
1209,"x[G14,Wed,E1n]",0.0
1210,"x[G14,Wed,E2n]",0.0
1211,"x[G14,Wed,E3n]",0.0
1212,"x[G14,Thu,M1i]",0.0
1213,"x[G14,Thu,M2i]",0.0
1214,"x[G14,Thu,M3i]",0.0
1215,"x[G14,Thu,E1i]",0.0
1216,"x[G14,Thu,E2i]",0.0
1217,"x[G14,Thu,E3i]",0.0
1218,"x[G14,Thu,M1n]",0.0
1219,"x[G14,Thu,M2n]",0.0
1220,"x[G14,Thu,M3n]",0.0
1221,"x[G14,Thu,E1n]",0.0
1222,"x[G14,Thu,E2n]",0.0
1223,"x[G14,Thu,E3n]",0.0
1224,"x[G14,Fri,M1i]",0.0
1225,"x[G14,Fri,M2i]",0.0
1226,"x[G14,Fri,M3i]",0.0
1227,"x[G14,Fri,E1i]",1.0
1228,"x[G14,Fri,E2i]",0.0
1229,"x[G14,Fri,E3i]",0.0
1230,"x[G14,Fri,M1n]",0.0
1231,"x[G14,Fri,M2n]",0.0
1232,"x[G14,Fri,M3n]",0.0
1233,"x[G14,Fri,E1n]",0.0
1234,"x[G14,Fri,E2n]",0.0
1235,"x[G14,Fri,E3n]",0.0
1236,"x[G14,Sat,M1i]",0.0
1237,"x[G14,Sat,M2i]",0.0
1238,"x[G14,Sat,M3i]",0.0
1239,"x[G14,Sat,E1i]",0.0
1240,"x[G14,Sat,E2i]",0.0
1241,"x[G14,Sat,E3i]",0.0
1242,"x[G14,Sat,M1n]",0.0
1243,"x[G14,Sat,M2n]",0.0
1244,"x[G14,Sat,M3n]",0.0
1245,"x[G14,Sat,E1n]",0.0
1246,"x[G14,Sat,E2n]",0.0
1247,"x[G14,Sat,E3n]",0.0
1248,"x[G14,Sun,M1i]",0.0
1249,"x[G14,Sun,M2i]",0.0
1250,"x[G14,Sun,M3i]",0.0
1251,"x[G14,Sun,E1i]",0.0
1252,"x[G14,Sun,E2i]",0.0
1253,"x[G14,Sun,E3i]",0.0
1254,"x[G14,Sun,M1n]",0.0
1255,"x[G14,Sun,M2n]",0.0
1256,"x[G14,Sun,M3n]",0.0
1257,"x[G14,Sun,E1n]",0.0
1258,"x[G14,Sun,E2n]",0.0
1259,"x[G14,Sun,E3n]",0.0
1260,"x[G15,Mon,M1i]",0.0
1261,"x[G15,Mon,M2i]",0.0
1262,"x[G15,Mon,M3i]",1.0
1263,"x[G15,Mon,E1i]",0.0
1264,"x[G15,Mon,E2i]",0.0
1265,"x[G15,Mon,E3i]",0.0
1266,"x[G15,Mon,M1n]",0.0
1267,"x[G15,Mon,M2n]",0.0
1268,"x[G15,Mon,M3n]",0.0
1269,"x[G15,Mon,E1n]",0.0
1270,"x[G15,Mon,E2n]",0.0
1271,"x[G15,Mon,E3n]",0.0
1272,"x[G15,Tue,M1i]",0.0
1273,"x[G15,Tue,M2i]",1.0
1274,"x[G15,Tue,M3i]",0.0
1275,"x[G15,Tue,E1i]",0.0
1276,"x[G15,Tue,E2i]",0.0
1277,"x[G15,Tue,E3i]",0.0
1278,"x[G15,Tue,M1n]",0.0
1279,"x[G15,Tue,M2n]",0.0
1280,"x[G15,Tue,M3n]",0.0
1281,"x[G15,Tue,E1n]",0.0
1282,"x[G15,Tue,E2n]",0.0
1283,"x[G15,Tue,E3n]",0.0
1284,"x[G15,Wed,M1i]",1.0
1285,"x[G15,Wed,M2i]",0.0
1286,"x[G15,Wed,M3i]",0.0
1287,"x[G15,Wed,E1i]",0.0
1288,"x[G15,Wed,E2i]",0.0
1289,"x[G15,Wed,E3i]",0.0
1290,"x[G15,Wed,M1n]",0.0
1291,"x[G15,Wed,M2n]",0.0
1292,"x[G15,Wed,M3n]",0.0
1293,"x[G15,Wed,E1n]",0.0
1294,"x[G15,Wed,E2n]",0.0
1295,"x[G15,Wed,E3n]",0.0
1296,"x[G15,Thu,M1i]",0.0
1297,"x[G15,Thu,M2i]",0.0
1298,"x[G15,Thu,M3i]",0.0
1299,"x[G15,Thu,E1i]",0.0
1300,"x[G15,Thu,E2i]",0.0
1301,"x[G15,Thu,E3i]",0.0
1302,"x[G15,Thu,M1n]",0.0
1303,"x[G15,Thu,M2n]",0.0
1304,"x[G15,Thu,M3n]",0.0
1305,"x[G15,Thu,E1n]",1.0
1306,"x[G15,Thu,E2n]",0.0
1307,"x[G15,Thu,E3n]",0.0
1308,"x[G15,Fri,M1i]",0.0
1309,"x[G15,Fri,M2i]",0.0
1310,"x[G15,Fri,M3i]",0.0
1311,"x[G15,Fri,E1i]",0.0
1312,"x[G15,Fri,E2i]",0.0
1313,"x[G15,Fri,E3i]",0.0
1314,"x[G15,Fri,M1n]",0.0
1315,"x[G15,Fri,M2n]",0.0
1316,"x[G15,Fri,M3n]",0.0
1317,"x[G15,Fri,E1n]",0.0
1318,"x[G15,Fri,E2n]",0.0
1319,"x[G15,Fri,E3n]",0.0
1320,"x[G15,Sat,M1i]",0.0
1321,"x[G15,Sat,M2i]",0.0
1322,"x[G15,Sat,M3i]",0.0
1323,"x[G15,Sat,E1i]",0.0
1324,"x[G15,Sat,E2i]",0.0
1325,"x[G15,Sat,E3i]",0.0
1326,"x[G15,Sat,M1n]",0.0
1327,"x[G15,Sat,M2n]",0.0
1328,"x[G15,Sat,M3n]",0.0
1329,"x[G15,Sat,E1n]",0.0
1330,"x[G15,Sat,E2n]",0.0
1331,"x[G15,Sat,E3n]",0.0
1332,"x[G15,Sun,M1i]",0.0
1333,"x[G15,Sun,M2i]",0.0
1334,"x[G15,Sun,M3i]",0.0
1335,"x[G15,Sun,E1i]",0.0
1336,"x[G15,Sun,E2i]",0.0
1337,"x[G15,Sun,E3i]",0.0
1338,"x[G15,Sun,M1n]",0.0
1339,"x[G15,Sun,M2n]",0.0
1340,"x[G15,Sun,M3n]",0.0
1341,"x[G15,Sun,E1n]",0.0
1342,"x[G15,Sun,E2n]",0.0
1343,"x[G15,Sun,E3n]",0.0
1344,"x[G16,Mon,M1i]",0.0
1345,"x[G16,Mon,M2i]",0.0
1346,"x[G16,Mon,M3i]",0.0
1347,"x[G16,Mon,E1i]",0.0
1348,"x[G16,Mon,E2i]",0.0
1349,"x[G16,Mon,E3i]",0.0
1350,"x[G16,Mon,M1n]",0.0
1351,"x[G16,Mon,M2n]",0.0
1352,"x[G16,Mon,M3n]",0.0
1353,"x[G16,Mon,E1n]",0.0
1354,"x[G16,Mon,E2n]",0.0
1355,"x[G16,Mon,E3n]",0.0
1356,"x[G16,Tue,M1i]",0.0
1357,"x[G16,Tue,M2i]",0.0
1358,"x[G16,Tue,M3i]",0.0
1359,"x[G16,Tue,E1i]",0.0
1360,"x[G16,Tue,E2i]",0.0
1361,"x[G16,Tue,E3i]",1.0
1362,"x[G16,Tue,M1n]",0.0
1363,"x[G16,Tue,M2n]",0.0
1364,"x[G16,Tue,M3n]",0.0
1365,"x[G16,Tue,E1n]",0.0
1366,"x[G16,Tue,E2n]",0.0
1367,"x[G16,Tue,E3n]",0.0
1368,"x[G16,Wed,M1i]",0.0
1369,"x[G16,Wed,M2i]",0.0
1370,"x[G16,Wed,M3i]",0.0
1371,"x[G16,Wed,E1i]",0.0
1372,"x[G16,Wed,E2i]",0.0
1373,"x[G16,Wed,E3i]",1.0
1374,"x[G16,Wed,M1n]",0.0
1375,"x[G16,Wed,M2n]",0.0
1376,"x[G16,Wed,M3n]",0.0
1377,"x[G16,Wed,E1n]",0.0
1378,"x[G16,Wed,E2n]",0.0
1379,"x[G16,Wed,E3n]",0.0
1380,"x[G16,Thu,M1i]",0.0
1381,"x[G16,Thu,M2i]",0.0
1382,"x[G16,Thu,M3i]",0.0
1383,"x[G16,Thu,E1i]",0.0
1384,"x[G16,Thu,E2i]",1.0
1385,"x[G16,Thu,E3i]",0.0
1386,"x[G16,Thu,M1n]",0.0
1387,"x[G16,Thu,M2n]",0.0
1388,"x[G16,Thu,M3n]",0.0
1389,"x[G16,Thu,E1n]",0.0
1390,"x[G16,Thu,E2n]",0.0
1391,"x[G16,Thu,E3n]",0.0
1392,"x[G16,Fri,M1i]",0.0
1393,"x[G16,Fri,M2i]",0.0
1394,"x[G16,Fri,M3i]",0.0
1395,"x[G16,Fri,E1i]",0.0
1396,"x[G16,Fri,E2i]",0.0
1397,"x[G16,Fri,E3i]",0.0
1398,"x[G16,Fri,M1n]",0.0
1399,"x[G16,Fri,M2n]",1.0
1400,"x[G16,Fri,M3n]",0.0
1401,"x[G16,Fri,E1n]",0.0
1402,"x[G16,Fri,E2n]",0.0
1403,"x[G16,Fri,E3n]",0.0
1404,"x[G16,Sat,M1i]",0.0
1405,"x[G16,Sat,M2i]",0.0
1406,"x[G16,Sat,M3i]",0.0
1407,"x[G16,Sat,E1i]",0.0
1408,"x[G16,Sat,E2i]",0.0
1409,"x[G16,Sat,E3i]",0.0
1410,"x[G16,Sat,M1n]",0.0
1411,"x[G16,Sat,M2n]",0.0
1412,"x[G16,Sat,M3n]",0.0
1413,"x[G16,Sat,E1n]",0.0
1414,"x[G16,Sat,E2n]",0.0
1415,"x[G16,Sat,E3n]",0.0
1416,"x[G16,Sun,M1i]",0.0
1417,"x[G16,Sun,M2i]",0.0
1418,"x[G16,Sun,M3i]",0.0
1419,"x[G16,Sun,E1i]",0.0
1420,"x[G16,Sun,E2i]",0.0
1421,"x[G16,Sun,E3i]",0.0
1422,"x[G16,Sun,M1n]",0.0
1423,"x[G16,Sun,M2n]",0.0
1424,"x[G16,Sun,M3n]",0.0
1425,"x[G16,Sun,E1n]",0.0
1426,"x[G16,Sun,E2n]",0.0
1427,"x[G16,Sun,E3n]",0.0
1428,"x[G17,Mon,M1i]",0.0
1429,"x[G17,Mon,M2i]",0.0
1430,"x[G17,Mon,M3i]",0.0
1431,"x[G17,Mon,E1i]",0.0
1432,"x[G17,Mon,E2i]",0.0
1433,"x[G17,Mon,E3i]",0.0
1434,"x[G17,Mon,M1n]",0.0
1435,"x[G17,Mon,M2n]",0.0
1436,"x[G17,Mon,M3n]",0.0
1437,"x[G17,Mon,E1n]",0.0
1438,"x[G17,Mon,E2n]",1.0
1439,"x[G17,Mon,E3n]",0.0
1440,"x[G17,Tue,M1i]",0.0
1441,"x[G17,Tue,M2i]",0.0
1442,"x[G17,Tue,M3i]",0.0
1443,"x[G17,Tue,E1i]",0.0
1444,"x[G17,Tue,E2i]",0.0
1445,"x[G17,Tue,E3i]",0.0
1446,"x[G17,Tue,M1n]",1.0
1447,"x[G17,Tue,M2n]",0.0
1448,"x[G17,Tue,M3n]",0.0
1449,"x[G17,Tue,E1n]",0.0
1450,"x[G17,Tue,E2n]",0.0
1451,"x[G17,Tue,E3n]",0.0
1452,"x[G17,Wed,M1i]",0.0
1453,"x[G17,Wed,M2i]",0.0
1454,"x[G17,Wed,M3i]",1.0
1455,"x[G17,Wed,E1i]",0.0
1456,"x[G17,Wed,E2i]",0.0
1457,"x[G17,Wed,E3i]",0.0
1458,"x[G17,Wed,M1n]",0.0
1459,"x[G17,Wed,M2n]",0.0
1460,"x[G17,Wed,M3n]",0.0
1461,"x[G17,Wed,E1n]",0.0
1462,"x[G17,Wed,E2n]",0.0
1463,"x[G17,Wed,E3n]",0.0
1464,"x[G17,Thu,M1i]",0.0
1465,"x[G17,Thu,M2i]",0.0
1466,"x[G17,Thu,M3i]",0.0
1467,"x[G17,Thu,E1i]",0.0
1468,"x[G17,Thu,E2i]",0.0
1469,"x[G17,Thu,E3i]",0.0
1470,"x[G17,Thu,M1n]",0.0
1471,"x[G17,Thu,M2n]",0.0
1472,"x[G17,Thu,M3n]",0.0
1473,"x[G17,Thu,E1n]",0.0
1474,"x[G17,Thu,E2n]",0.0
1475,"x[G17,Thu,E3n]",0.0
1476,"x[G17,Fri,M1i]",0.0
1477,"x[G17,Fri,M2i]",0.0
1478,"x[G17,Fri,M3i]",0.0
1479,"x[G17,Fri,E1i]",0.0
1480,"x[G17,Fri,E2i]",0.0
1481,"x[G17,Fri,E3i]",0.0
1482,"x[G17,Fri,M1n]",0.0
1483,"x[G17,Fri,M2n]",0.0
1484,"x[G17,Fri,M3n]",0.0
1485,"x[G17,Fri,E1n]",0.0
1486,"x[G17,Fri,E2n]",0.0
1487,"x[G17,Fri,E3n]",0.0
1488,"x[G17,Sat,M1i]",0.0
1489,"x[G17,Sat,M2i]",0.0
1490,"x[G17,Sat,M3i]",0.0
1491,"x[G17,Sat,E1i]",0.0
1492,"x[G17,Sat,E2i]",0.0
1493,"x[G17,Sat,E3i]",0.0
1494,"x[G17,Sat,M1n]",0.0
1495,"x[G17,Sat,M2n]",0.0
1496,"x[G17,Sat,M3n]",0.0
1497,"x[G17,Sat,E1n]",0.0
1498,"x[G17,Sat,E2n]",0.0
1499,"x[G17,Sat,E3n]",0.0
1500,"x[G17,Sun,M1i]",0.0
1501,"x[G17,Sun,M2i]",0.0
1502,"x[G17,Sun,M3i]",0.0
1503,"x[G17,Sun,E1i]",0.0
1504,"x[G17,Sun,E2i]",0.0
1505,"x[G17,Sun,E3i]",1.0
1506,"x[G17,Sun,M1n]",0.0
1507,"x[G17,Sun,M2n]",0.0
1508,"x[G17,Sun,M3n]",0.0
1509,"x[G17,Sun,E1n]",0.0
1510,"x[G17,Sun,E2n]",0.0
1511,"x[G17,Sun,E3n]",0.0
1512,"x[G18,Mon,M1i]",0.0
1513,"x[G18,Mon,M2i]",0.0
1514,"x[G18,Mon,M3i]",0.0
1515,"x[G18,Mon,E1i]",0.0
1516,"x[G18,Mon,E2i]",1.0
1517,"x[G18,Mon,E3i]",0.0
1518,"x[G18,Mon,M1n]",0.0
1519,"x[G18,Mon,M2n]",0.0
1520,"x[G18,Mon,M3n]",0.0
1521,"x[G18,Mon,E1n]",0.0
1522,"x[G18,Mon,E2n]",0.0
1523,"x[G18,Mon,E3n]",0.0
1524,"x[G18,Tue,M1i]",0.0
1525,"x[G18,Tue,M2i]",0.0
1526,"x[G18,Tue,M3i]",0.0
1527,"x[G18,Tue,E1i]",0.0
1528,"x[G18,Tue,E2i]",0.0
1529,"x[G18,Tue,E3i]",0.0
1530,"x[G18,Tue,M1n]",0.0
1531,"x[G18,Tue,M2n]",0.0
1532,"x[G18,Tue,M3n]",0.0
1533,"x[G18,Tue,E1n]",0.0
1534,"x[G18,Tue,E2n]",0.0
1535,"x[G18,Tue,E3n]",0.0
1536,"x[G18,Wed,M1i]",0.0
1537,"x[G18,Wed,M2i]",0.0
1538,"x[G18,Wed,M3i]",0.0
1539,"x[G18,Wed,E1i]",1.0
1540,"x[G18,Wed,E2i]",0.0
1541,"x[G18,Wed,E3i]",0.0
1542,"x[G18,Wed,M1n]",0.0
1543,"x[G18,Wed,M2n]",0.0
1544,"x[G18,Wed,M3n]",0.0
1545,"x[G18,Wed,E1n]",0.0
1546,"x[G18,Wed,E2n]",0.0
1547,"x[G18,Wed,E3n]",0.0
1548,"x[G18,Thu,M1i]",0.0
1549,"x[G18,Thu,M2i]",0.0
1550,"x[G18,Thu,M3i]",0.0
1551,"x[G18,Thu,E1i]",0.0
1552,"x[G18,Thu,E2i]",0.0
1553,"x[G18,Thu,E3i]",0.0
1554,"x[G18,Thu,M1n]",0.0
1555,"x[G18,Thu,M2n]",0.0
1556,"x[G18,Thu,M3n]",0.0
1557,"x[G18,Thu,E1n]",0.0
1558,"x[G18,Thu,E2n]",0.0
1559,"x[G18,Thu,E3n]",0.0
1560,"x[G18,Fri,M1i]",0.0
1561,"x[G18,Fri,M2i]",0.0
1562,"x[G18,Fri,M3i]",0.0
1563,"x[G18,Fri,E1i]",0.0
1564,"x[G18,Fri,E2i]",0.0
1565,"x[G18,Fri,E3i]",0.0
1566,"x[G18,Fri,M1n]",0.0
1567,"x[G18,Fri,M2n]",0.0
1568,"x[G18,Fri,M3n]",0.0
1569,"x[G18,Fri,E1n]",1.0
1570,"x[G18,Fri,E2n]",0.0
1571,"x[G18,Fri,E3n]",0.0
1572,"x[G18,Sat,M1i]",0.0
1573,"x[G18,Sat,M2i]",0.0
1574,"x[G18,Sat,M3i]",0.0
1575,"x[G18,Sat,E1i]",0.0
1576,"x[G18,Sat,E2i]",0.0
1577,"x[G18,Sat,E3i]",0.0
1578,"x[G18,Sat,M1n]",0.0
1579,"x[G18,Sat,M2n]",0.0
1580,"x[G18,Sat,M3n]",0.0
1581,"x[G18,Sat,E1n]",0.0
1582,"x[G18,Sat,E2n]",0.0
1583,"x[G18,Sat,E3n]",0.0
1584,"x[G18,Sun,M1i]",0.0
1585,"x[G18,Sun,M2i]",1.0
1586,"x[G18,Sun,M3i]",0.0
1587,"x[G18,Sun,E1i]",0.0
1588,"x[G18,Sun,E2i]",0.0
1589,"x[G18,Sun,E3i]",0.0
1590,"x[G18,Sun,M1n]",0.0
1591,"x[G18,Sun,M2n]",0.0
1592,"x[G18,Sun,M3n]",0.0
1593,"x[G18,Sun,E1n]",0.0
1594,"x[G18,Sun,E2n]",0.0
1595,"x[G18,Sun,E3n]",0.0
1596,"x[G19,Mon,M1i]",0.0
1597,"x[G19,Mon,M2i]",0.0
1598,"x[G19,Mon,M3i]",0.0
1599,"x[G19,Mon,E1i]",0.0
1600,"x[G19,Mon,E2i]",0.0
1601,"x[G19,Mon,E3i]",0.0
1602,"x[G19,Mon,M1n]",0.0
1603,"x[G19,Mon,M2n]",0.0
1604,"x[G19,Mon,M3n]",1.0
1605,"x[G19,Mon,E1n]",0.0
1606,"x[G19,Mon,E2n]",0.0
1607,"x[G19,Mon,E3n]",0.0
1608,"x[G19,Tue,M1i]",0.0
1609,"x[G19,Tue,M2i]",0.0
1610,"x[G19,Tue,M3i]",0.0
1611,"x[G19,Tue,E1i]",0.0
1612,"x[G19,Tue,E2i]",0.0
1613,"x[G19,Tue,E3i]",0.0
1614,"x[G19,Tue,M1n]",0.0
1615,"x[G19,Tue,M2n]",0.0
1616,"x[G19,Tue,M3n]",0.0
1617,"x[G19,Tue,E1n]",0.0
1618,"x[G19,Tue,E2n]",0.0
1619,"x[G19,Tue,E3n]",0.0
1620,"x[G19,Wed,M1i]",0.0
1621,"x[G19,Wed,M2i]",0.0
1622,"x[G19,Wed,M3i]",0.0
1623,"x[G19,Wed,E1i]",0.0
1624,"x[G19,Wed,E2i]",0.0
1625,"x[G19,Wed,E3i]",0.0
1626,"x[G19,Wed,M1n]",0.0
1627,"x[G19,Wed,M2n]",1.0
1628,"x[G19,Wed,M3n]",0.0
1629,"x[G19,Wed,E1n]",0.0
1630,"x[G19,Wed,E2n]",0.0
1631,"x[G19,Wed,E3n]",0.0
1632,"x[G19,Thu,M1i]",0.0
1633,"x[G19,Thu,M2i]",0.0
1634,"x[G19,Thu,M3i]",0.0
1635,"x[G19,Thu,E1i]",0.0
1636,"x[G19,Thu,E2i]",0.0
1637,"x[G19,Thu,E3i]",0.0
1638,"x[G19,Thu,M1n]",0.0
1639,"x[G19,Thu,M2n]",0.0
1640,"x[G19,Thu,M3n]",0.0
1641,"x[G19,Thu,E1n]",0.0
1642,"x[G19,Thu,E2n]",0.0
1643,"x[G19,Thu,E3n]",0.0
1644,"x[G19,Fri,M1i]",0.0
1645,"x[G19,Fri,M2i]",0.0
1646,"x[G19,Fri,M3i]",0.0
1647,"x[G19,Fri,E1i]",0.0
1648,"x[G19,Fri,E2i]",0.0
1649,"x[G19,Fri,E3i]",1.0
1650,"x[G19,Fri,M1n]",0.0
1651,"x[G19,Fri,M2n]",0.0
1652,"x[G19,Fri,M3n]",0.0
1653,"x[G19,Fri,E1n]",0.0
1654,"x[G19,Fri,E2n]",0.0
1655,"x[G19,Fri,E3n]",0.0
1656,"x[G19,Sat,M1i]",0.0
1657,"x[G19,Sat,M2i]",0.0
1658,"x[G19,Sat,M3i]",0.0
1659,"x[G19,Sat,E1i]",0.0
1660,"x[G19,Sat,E2i]",0.0
1661,"x[G19,Sat,E3i]",0.0
1662,"x[G19,Sat,M1n]",0.0
1663,"x[G19,Sat,M2n]",0.0
1664,"x[G19,Sat,M3n]",0.0
1665,"x[G19,Sat,E1n]",0.0
1666,"x[G19,Sat,E2n]",0.0
1667,"x[G19,Sat,E3n]",1.0
1668,"x[G19,Sun,M1i]",0.0
1669,"x[G19,Sun,M2i]",0.0
1670,"x[G19,Sun,M3i]",0.0
1671,"x[G19,Sun,E1i]",0.0
1672,"x[G19,Sun,E2i]",0.0
1673,"x[G19,Sun,E3i]",0.0
1674,"x[G19,Sun,M1n]",0.0
1675,"x[G19,Sun,M2n]",0.0
1676,"x[G19,Sun,M3n]",0.0
1677,"x[G19,Sun,E1n]",0.0
1678,"x[G19,Sun,E2n]",0.0
1679,"x[G19,Sun,E3n]",0.0
1680,"x[G20,Mon,M1i]",1.0
1681,"x[G20,Mon,M2i]",0.0
1682,"x[G20,Mon,M3i]",0.0
1683,"x[G20,Mon,E1i]",0.0
1684,"x[G20,Mon,E2i]",0.0
1685,"x[G20,Mon,E3i]",0.0
1686,"x[G20,Mon,M1n]",0.0
1687,"x[G20,Mon,M2n]",0.0
1688,"x[G20,Mon,M3n]",0.0
1689,"x[G20,Mon,E1n]",0.0
1690,"x[G20,Mon,E2n]",0.0
1691,"x[G20,Mon,E3n]",0.0
1692,"x[G20,Tue,M1i]",0.0
1693,"x[G20,Tue,M2i]",0.0
1694,"x[G20,Tue,M3i]",0.0
1695,"x[G20,Tue,E1i]",0.0
1696,"x[G20,Tue,E2i]",0.0
1697,"x[G20,Tue,E3i]",0.0
1698,"x[G20,Tue,M1n]",0.0
1699,"x[G20,Tue,M2n]",0.0
1700,"x[G20,Tue,M3n]",0.0
1701,"x[G20,Tue,E1n]",0.0
1702,"x[G20,Tue,E2n]",0.0
1703,"x[G20,Tue,E3n]",0.0
1704,"x[G20,Wed,M1i]",0.0
1705,"x[G20,Wed,M2i]",0.0
1706,"x[G20,Wed,M3i]",0.0
1707,"x[G20,Wed,E1i]",0.0
1708,"x[G20,Wed,E2i]",0.0
1709,"x[G20,Wed,E3i]",0.0
1710,"x[G20,Wed,M1n]",0.0
1711,"x[G20,Wed,M2n]",0.0
1712,"x[G20,Wed,M3n]",0.0
1713,"x[G20,Wed,E1n]",1.0
1714,"x[G20,Wed,E2n]",0.0
1715,"x[G20,Wed,E3n]",0.0
1716,"x[G20,Thu,M1i]",0.0
1717,"x[G20,Thu,M2i]",1.0
1718,"x[G20,Thu,M3i]",0.0
1719,"x[G20,Thu,E1i]",0.0
1720,"x[G20,Thu,E2i]",0.0
1721,"x[G20,Thu,E3i]",0.0
1722,"x[G20,Thu,M1n]",0.0
1723,"x[G20,Thu,M2n]",0.0
1724,"x[G20,Thu,M3n]",0.0
1725,"x[G20,Thu,E1n]",0.0
1726,"x[G20,Thu,E2n]",0.0
1727,"x[G20,Thu,E3n]",0.0
1728,"x[G20,Fri,M1i]",1.0
1729,"x[G20,Fri,M2i]",0.0
1730,"x[G20,Fri,M3i]",0.0
1731,"x[G20,Fri,E1i]",0.0
1732,"x[G20,Fri,E2i]",0.0
1733,"x[G20,Fri,E3i]",0.0
1734,"x[G20,Fri,M1n]",0.0
1735,"x[G20,Fri,M2n]",0.0
1736,"x[G20,Fri,M3n]",0.0
1737,"x[G20,Fri,E1n]",0.0
1738,"x[G20,Fri,E2n]",0.0
1739,"x[G20,Fri,E3n]",0.0
1740,"x[G20,Sat,M1i]",0.0
1741,"x[G20,Sat,M2i]",0.0
1742,"x[G20,Sat,M3i]",0.0
1743,"x[G20,Sat,E1i]",0.0
1744,"x[G20,Sat,E2i]",0.0
1745,"x[G20,Sat,E3i]",0.0
1746,"x[G20,Sat,M1n]",0.0
1747,"x[G20,Sat,M2n]",0.0
1748,"x[G20,Sat,M3n]",0.0
1749,"x[G20,Sat,E1n]",0.0
1750,"x[G20,Sat,E2n]",0.0
1751,"x[G20,Sat,E3n]",0.0
1752,"x[G20,Sun,M1i]",0.0
1753,"x[G20,Sun,M2i]",0.0
1754,"x[G20,Sun,M3i]",0.0
1755,"x[G20,Sun,E1i]",0.0
1756,"x[G20,Sun,E2i]",0.0
1757,"x[G20,Sun,E3i]",0.0
1758,"x[G20,Sun,M1n]",0.0
1759,"x[G20,Sun,M2n]",0.0
1760,"x[G20,Sun,M3n]",0.0
1761,"x[G20,Sun,E1n]",0.0
1762,"x[G20,Sun,E2n]",0.0
1763,"x[G20,Sun,E3n]",0.0
